[
  {
    "name": "Andorra",
    "capital": "Andorra la Vella",
    "code": "AD",
    "continent": {
      "name": "Europe"
    },
    "languages": [
      {
        "name": "Catalan",
        "code": "ca"
      }
    ]
  },
  {
    "name": "United Arab Emirates",
    "capital": "Abu Dhabi",
    "code": "AE",
    "continent": {
      "name": "Asia"
    },
    "languages": [
      {
        "name": "Arabic",
        "code": "ar"
      }
    ]
  },
  {
    "name": "Afghanistan",
    "capital": "Kabul",
    "code": "AF",
    "continent": {
      "name": "Asia"
    },
    "languages": [
      {
        "name": "Pashto",
        "code": "ps"
      },
      {
        "name": "Uzbek",
        "code": "uz"
      },
      {
        "name": "Turkmen",
        "code": "tk"
      }
    ]
  },
  {
    "name": "Antigua and Barbuda",
    "capital": "Saint John's",
    "code": "AG",
    "continent": {
      "name": "North America"
    },
    "languages": [
      {
        "name": "English",
        "code": "en"
      }
    ]
  },
  {
    "name": "Anguilla",
    "capital": "The Valley",
    "code": "AI",
    "continent": {
      "name": "North America"
    },
    "languages": [
      {
        "name": "English",
        "code": "en"
      }
    ]
  },
  {
    "name": "Albania",
    "capital": "Tirana",
    "code": "AL",
    "continent": {
      "name": "Europe"
    },
    "languages": [
      {
        "name": "Albanian",
        "code": "sq"
      }
    ]
  },
  {
    "name": "Armenia",
    "capital": "Yerevan",
    "code": "AM",
    "continent": {
      "name": "Asia"
    },
    "languages": [
      {
        "name": "Armenian",
        "code": "hy"
      },
      {
        "name": "Russian",
        "code": "ru"
      }
    ]
  },
  {
    "name": "Angola",
    "capital": "Luanda",
    "code": "AO",
    "continent": {
      "name": "Africa"
    },
    "languages": [
      {
        "name": "Portuguese",
        "code": "pt"
      }
    ]
  },
  {
    "name": "Antarctica",
    "capital": null,
    "code": "AQ",
    "continent": {
      "name": "Antarctica"
    },
    "languages": []
  },
  {
    "name": "Argentina",
    "capital": "Buenos Aires",
    "code": "AR",
    "continent": {
      "name": "South America"
    },
    "languages": [
      {
        "name": "Spanish",
        "code": "es"
      },
      {
        "name": "Guarani",
        "code": "gn"
      }
    ]
  },
  {
    "name": "American Samoa",
    "capital": "Pago Pago",
    "code": "AS",
    "continent": {
      "name": "Oceania"
    },
    "languages": [
      {
        "name": "English",
        "code": "en"
      },
      {
        "name": "Samoan",
        "code": "sm"
      }
    ]
  },
  {
    "name": "Austria",
    "capital": "Vienna",
    "code": "AT",
    "continent": {
      "name": "Europe"
    },
    "languages": [
      {
        "name": "German",
        "code": "de"
      }
    ]
  },
  {
    "name": "Australia",
    "capital": "Canberra",
    "code": "AU",
    "continent": {
      "name": "Oceania"
    },
    "languages": [
      {
        "name": "English",
        "code": "en"
      }
    ]
  },
  {
    "name": "Aruba",
    "capital": "Oranjestad",
    "code": "AW",
    "continent": {
      "name": "North America"
    },
    "languages": [
      {
        "name": "Dutch",
        "code": "nl"
      },
      {
        "name": "Panjabi / Punjabi",
        "code": "pa"
      }
    ]
  },
  {
    "name": "Åland",
    "capital": "Mariehamn",
    "code": "AX",
    "continent": {
      "name": "Europe"
    },
    "languages": [
      {
        "name": "Swedish",
        "code": "sv"
      }
    ]
  },
  {
    "name": "Azerbaijan",
    "capital": "Baku",
    "code": "AZ",
    "continent": {
      "name": "Asia"
    },
    "languages": [
      {
        "name": "Azerbaijani",
        "code": "az"
      }
    ]
  },
  {
    "name": "Bosnia and Herzegovina",
    "capital": "Sarajevo",
    "code": "BA",
    "continent": {
      "name": "Europe"
    },
    "languages": [
      {
        "name": "Bosnian",
        "code": "bs"
      },
      {
        "name": "Croatian",
        "code": "hr"
      },
      {
        "name": "Serbian",
        "code": "sr"
      }
    ]
  },
  {
    "name": "Barbados",
    "capital": "Bridgetown",
    "code": "BB",
    "continent": {
      "name": "North America"
    },
    "languages": [
      {
        "name": "English",
        "code": "en"
      }
    ]
  },
  {
    "name": "Bangladesh",
    "capital": "Dhaka",
    "code": "BD",
    "continent": {
      "name": "Asia"
    },
    "languages": [
      {
        "name": "Bengali",
        "code": "bn"
      }
    ]
  },
  {
    "name": "Belgium",
    "capital": "Brussels",
    "code": "BE",
    "continent": {
      "name": "Europe"
    },
    "languages": [
      {
        "name": "Dutch",
        "code": "nl"
      },
      {
        "name": "French",
        "code": "fr"
      },
      {
        "name": "German",
        "code": "de"
      }
    ]
  },
  {
    "name": "Burkina Faso",
    "capital": "Ouagadougou",
    "code": "BF",
    "continent": {
      "name": "Africa"
    },
    "languages": [
      {
        "name": "French",
        "code": "fr"
      },
      {
        "name": "Peul",
        "code": "ff"
      }
    ]
  },
  {
    "name": "Bulgaria",
    "capital": "Sofia",
    "code": "BG",
    "continent": {
      "name": "Europe"
    },
    "languages": [
      {
        "name": "Bulgarian",
        "code": "bg"
      }
    ]
  },
  {
    "name": "Bahrain",
    "capital": "Manama",
    "code": "BH",
    "continent": {
      "name": "Asia"
    },
    "languages": [
      {
        "name": "Arabic",
        "code": "ar"
      }
    ]
  },
  {
    "name": "Burundi",
    "capital": "Bujumbura",
    "code": "BI",
    "continent": {
      "name": "Africa"
    },
    "languages": [
      {
        "name": "French",
        "code": "fr"
      },
      {
        "name": "Kirundi",
        "code": "rn"
      }
    ]
  },
  {
    "name": "Benin",
    "capital": "Porto-Novo",
    "code": "BJ",
    "continent": {
      "name": "Africa"
    },
    "languages": [
      {
        "name": "French",
        "code": "fr"
      }
    ]
  },
  {
    "name": "Saint Barthélemy",
    "capital": "Gustavia",
    "code": "BL",
    "continent": {
      "name": "North America"
    },
    "languages": [
      {
        "name": "French",
        "code": "fr"
      }
    ]
  },
  {
    "name": "Bermuda",
    "capital": "Hamilton",
    "code": "BM",
    "continent": {
      "name": "North America"
    },
    "languages": [
      {
        "name": "English",
        "code": "en"
      }
    ]
  },
  {
    "name": "Brunei",
    "capital": "Bandar Seri Begawan",
    "code": "BN",
    "continent": {
      "name": "Asia"
    },
    "languages": [
      {
        "name": "Malay",
        "code": "ms"
      }
    ]
  },
  {
    "name": "Bolivia",
    "capital": "Sucre",
    "code": "BO",
    "continent": {
      "name": "South America"
    },
    "languages": [
      {
        "name": "Spanish",
        "code": "es"
      },
      {
        "name": "Aymara",
        "code": "ay"
      },
      {
        "name": "Quechua",
        "code": "qu"
      }
    ]
  },
  {
    "name": "Bonaire",
    "capital": "Kralendijk",
    "code": "BQ",
    "continent": {
      "name": "North America"
    },
    "languages": [
      {
        "name": "Dutch",
        "code": "nl"
      }
    ]
  },
  {
    "name": "Brazil",
    "capital": "Brasília",
    "code": "BR",
    "continent": {
      "name": "South America"
    },
    "languages": [
      {
        "name": "Portuguese",
        "code": "pt"
      }
    ]
  },
  {
    "name": "Bahamas",
    "capital": "Nassau",
    "code": "BS",
    "continent": {
      "name": "North America"
    },
    "languages": [
      {
        "name": "English",
        "code": "en"
      }
    ]
  },
  {
    "name": "Bhutan",
    "capital": "Thimphu",
    "code": "BT",
    "continent": {
      "name": "Asia"
    },
    "languages": [
      {
        "name": "Dzongkha",
        "code": "dz"
      }
    ]
  },
  {
    "name": "Bouvet Island",
    "capital": null,
    "code": "BV",
    "continent": {
      "name": "Antarctica"
    },
    "languages": [
      {
        "name": "Norwegian",
        "code": "no"
      },
      {
        "name": "Norwegian Bokmål",
        "code": "nb"
      },
      {
        "name": "Norwegian Nynorsk",
        "code": "nn"
      }
    ]
  },
  {
    "name": "Botswana",
    "capital": "Gaborone",
    "code": "BW",
    "continent": {
      "name": "Africa"
    },
    "languages": [
      {
        "name": "English",
        "code": "en"
      },
      {
        "name": "Tswana",
        "code": "tn"
      }
    ]
  },
  {
    "name": "Belarus",
    "capital": "Minsk",
    "code": "BY",
    "continent": {
      "name": "Europe"
    },
    "languages": [
      {
        "name": "Belarusian",
        "code": "be"
      },
      {
        "name": "Russian",
        "code": "ru"
      }
    ]
  },
  {
    "name": "Belize",
    "capital": "Belmopan",
    "code": "BZ",
    "continent": {
      "name": "North America"
    },
    "languages": [
      {
        "name": "English",
        "code": "en"
      },
      {
        "name": "Spanish",
        "code": "es"
      }
    ]
  },
  {
    "name": "Canada",
    "capital": "Ottawa",
    "code": "CA",
    "continent": {
      "name": "North America"
    },
    "languages": [
      {
        "name": "English",
        "code": "en"
      },
      {
        "name": "French",
        "code": "fr"
      }
    ]
  },
  {
    "name": "Cocos [Keeling] Islands",
    "capital": "West Island",
    "code": "CC",
    "continent": {
      "name": "Asia"
    },
    "languages": [
      {
        "name": "English",
        "code": "en"
      }
    ]
  },
  {
    "name": "Democratic Republic of the Congo",
    "capital": "Kinshasa",
    "code": "CD",
    "continent": {
      "name": "Africa"
    },
    "languages": [
      {
        "name": "French",
        "code": "fr"
      },
      {
        "name": "Lingala",
        "code": "ln"
      },
      {
        "name": "Kongo",
        "code": "kg"
      },
      {
        "name": "Swahili",
        "code": "sw"
      },
      {
        "name": "Luba-Katanga",
        "code": "lu"
      }
    ]
  },
  {
    "name": "Central African Republic",
    "capital": "Bangui",
    "code": "CF",
    "continent": {
      "name": "Africa"
    },
    "languages": [
      {
        "name": "French",
        "code": "fr"
      },
      {
        "name": "Sango",
        "code": "sg"
      }
    ]
  },
  {
    "name": "Republic of the Congo",
    "capital": "Brazzaville",
    "code": "CG",
    "continent": {
      "name": "Africa"
    },
    "languages": [
      {
        "name": "French",
        "code": "fr"
      },
      {
        "name": "Lingala",
        "code": "ln"
      }
    ]
  },
  {
    "name": "Switzerland",
    "capital": "Bern",
    "code": "CH",
    "continent": {
      "name": "Europe"
    },
    "languages": [
      {
        "name": "German",
        "code": "de"
      },
      {
        "name": "French",
        "code": "fr"
      },
      {
        "name": "Italian",
        "code": "it"
      }
    ]
  },
  {
    "name": "Ivory Coast",
    "capital": "Yamoussoukro",
    "code": "CI",
    "continent": {
      "name": "Africa"
    },
    "languages": [
      {
        "name": "French",
        "code": "fr"
      }
    ]
  },
  {
    "name": "Cook Islands",
    "capital": "Avarua",
    "code": "CK",
    "continent": {
      "name": "Oceania"
    },
    "languages": [
      {
        "name": "English",
        "code": "en"
      }
    ]
  },
  {
    "name": "Chile",
    "capital": "Santiago",
    "code": "CL",
    "continent": {
      "name": "South America"
    },
    "languages": [
      {
        "name": "Spanish",
        "code": "es"
      }
    ]
  },
  {
    "name": "Cameroon",
    "capital": "Yaoundé",
    "code": "CM",
    "continent": {
      "name": "Africa"
    },
    "languages": [
      {
        "name": "English",
        "code": "en"
      },
      {
        "name": "French",
        "code": "fr"
      }
    ]
  },
  {
    "name": "China",
    "capital": "Beijing",
    "code": "CN",
    "continent": {
      "name": "Asia"
    },
    "languages": [
      {
        "name": "Chinese",
        "code": "zh"
      }
    ]
  },
  {
    "name": "Colombia",
    "capital": "Bogotá",
    "code": "CO",
    "continent": {
      "name": "South America"
    },
    "languages": [
      {
        "name": "Spanish",
        "code": "es"
      }
    ]
  },
  {
    "name": "Costa Rica",
    "capital": "San José",
    "code": "CR",
    "continent": {
      "name": "North America"
    },
    "languages": [
      {
        "name": "Spanish",
        "code": "es"
      }
    ]
  },
  {
    "name": "Cuba",
    "capital": "Havana",
    "code": "CU",
    "continent": {
      "name": "North America"
    },
    "languages": [
      {
        "name": "Spanish",
        "code": "es"
      }
    ]
  },
  {
    "name": "Cape Verde",
    "capital": "Praia",
    "code": "CV",
    "continent": {
      "name": "Africa"
    },
    "languages": [
      {
        "name": "Portuguese",
        "code": "pt"
      }
    ]
  },
  {
    "name": "Curacao",
    "capital": "Willemstad",
    "code": "CW",
    "continent": {
      "name": "North America"
    },
    "languages": [
      {
        "name": "Dutch",
        "code": "nl"
      },
      {
        "name": "Panjabi / Punjabi",
        "code": "pa"
      },
      {
        "name": "English",
        "code": "en"
      }
    ]
  },
  {
    "name": "Christmas Island",
    "capital": "Flying Fish Cove",
    "code": "CX",
    "continent": {
      "name": "Asia"
    },
    "languages": [
      {
        "name": "English",
        "code": "en"
      }
    ]
  },
  {
    "name": "Cyprus",
    "capital": "Nicosia",
    "code": "CY",
    "continent": {
      "name": "Europe"
    },
    "languages": [
      {
        "name": "Greek",
        "code": "el"
      },
      {
        "name": "Turkish",
        "code": "tr"
      },
      {
        "name": "Armenian",
        "code": "hy"
      }
    ]
  },
  {
    "name": "Czech Republic",
    "capital": "Prague",
    "code": "CZ",
    "continent": {
      "name": "Europe"
    },
    "languages": [
      {
        "name": "Czech",
        "code": "cs"
      },
      {
        "name": "Slovak",
        "code": "sk"
      }
    ]
  },
  {
    "name": "Germany",
    "capital": "Berlin",
    "code": "DE",
    "continent": {
      "name": "Europe"
    },
    "languages": [
      {
        "name": "German",
        "code": "de"
      }
    ]
  },
  {
    "name": "Djibouti",
    "capital": "Djibouti",
    "code": "DJ",
    "continent": {
      "name": "Africa"
    },
    "languages": [
      {
        "name": "French",
        "code": "fr"
      },
      {
        "name": "Arabic",
        "code": "ar"
      }
    ]
  },
  {
    "name": "Denmark",
    "capital": "Copenhagen",
    "code": "DK",
    "continent": {
      "name": "Europe"
    },
    "languages": [
      {
        "name": "Danish",
        "code": "da"
      }
    ]
  },
  {
    "name": "Dominica",
    "capital": "Roseau",
    "code": "DM",
    "continent": {
      "name": "North America"
    },
    "languages": [
      {
        "name": "English",
        "code": "en"
      }
    ]
  },
  {
    "name": "Dominican Republic",
    "capital": "Santo Domingo",
    "code": "DO",
    "continent": {
      "name": "North America"
    },
    "languages": [
      {
        "name": "Spanish",
        "code": "es"
      }
    ]
  },
  {
    "name": "Algeria",
    "capital": "Algiers",
    "code": "DZ",
    "continent": {
      "name": "Africa"
    },
    "languages": [
      {
        "name": "Arabic",
        "code": "ar"
      }
    ]
  },
  {
    "name": "Ecuador",
    "capital": "Quito",
    "code": "EC",
    "continent": {
      "name": "South America"
    },
    "languages": [
      {
        "name": "Spanish",
        "code": "es"
      }
    ]
  },
  {
    "name": "Estonia",
    "capital": "Tallinn",
    "code": "EE",
    "continent": {
      "name": "Europe"
    },
    "languages": [
      {
        "name": "Estonian",
        "code": "et"
      }
    ]
  },
  {
    "name": "Egypt",
    "capital": "Cairo",
    "code": "EG",
    "continent": {
      "name": "Africa"
    },
    "languages": [
      {
        "name": "Arabic",
        "code": "ar"
      }
    ]
  },
  {
    "name": "Western Sahara",
    "capital": "El Aaiún",
    "code": "EH",
    "continent": {
      "name": "Africa"
    },
    "languages": [
      {
        "name": "Spanish",
        "code": "es"
      }
    ]
  },
  {
    "name": "Eritrea",
    "capital": "Asmara",
    "code": "ER",
    "continent": {
      "name": "Africa"
    },
    "languages": [
      {
        "name": "Tigrinya",
        "code": "ti"
      },
      {
        "name": "Arabic",
        "code": "ar"
      },
      {
        "name": "English",
        "code": "en"
      }
    ]
  },
  {
    "name": "Spain",
    "capital": "Madrid",
    "code": "ES",
    "continent": {
      "name": "Europe"
    },
    "languages": [
      {
        "name": "Spanish",
        "code": "es"
      },
      {
        "name": "Basque",
        "code": "eu"
      },
      {
        "name": "Catalan",
        "code": "ca"
      },
      {
        "name": "Galician",
        "code": "gl"
      },
      {
        "name": "Occitan",
        "code": "oc"
      }
    ]
  },
  {
    "name": "Ethiopia",
    "capital": "Addis Ababa",
    "code": "ET",
    "continent": {
      "name": "Africa"
    },
    "languages": [
      {
        "name": "Amharic",
        "code": "am"
      }
    ]
  },
  {
    "name": "Finland",
    "capital": "Helsinki",
    "code": "FI",
    "continent": {
      "name": "Europe"
    },
    "languages": [
      {
        "name": "Finnish",
        "code": "fi"
      },
      {
        "name": "Swedish",
        "code": "sv"
      }
    ]
  },
  {
    "name": "Fiji",
    "capital": "Suva",
    "code": "FJ",
    "continent": {
      "name": "Oceania"
    },
    "languages": [
      {
        "name": "English",
        "code": "en"
      },
      {
        "name": "Fijian",
        "code": "fj"
      },
      {
        "name": "Hindi",
        "code": "hi"
      },
      {
        "name": "Urdu",
        "code": "ur"
      }
    ]
  },
  {
    "name": "Falkland Islands",
    "capital": "Stanley",
    "code": "FK",
    "continent": {
      "name": "South America"
    },
    "languages": [
      {
        "name": "English",
        "code": "en"
      }
    ]
  },
  {
    "name": "Micronesia",
    "capital": "Palikir",
    "code": "FM",
    "continent": {
      "name": "Oceania"
    },
    "languages": [
      {
        "name": "English",
        "code": "en"
      }
    ]
  },
  {
    "name": "Faroe Islands",
    "capital": "Tórshavn",
    "code": "FO",
    "continent": {
      "name": "Europe"
    },
    "languages": [
      {
        "name": "Faroese",
        "code": "fo"
      }
    ]
  },
  {
    "name": "France",
    "capital": "Paris",
    "code": "FR",
    "continent": {
      "name": "Europe"
    },
    "languages": [
      {
        "name": "French",
        "code": "fr"
      }
    ]
  },
  {
    "name": "Gabon",
    "capital": "Libreville",
    "code": "GA",
    "continent": {
      "name": "Africa"
    },
    "languages": [
      {
        "name": "French",
        "code": "fr"
      }
    ]
  },
  {
    "name": "United Kingdom",
    "capital": "London",
    "code": "GB",
    "continent": {
      "name": "Europe"
    },
    "languages": [
      {
        "name": "English",
        "code": "en"
      }
    ]
  },
  {
    "name": "Grenada",
    "capital": "St. George's",
    "code": "GD",
    "continent": {
      "name": "North America"
    },
    "languages": [
      {
        "name": "English",
        "code": "en"
      }
    ]
  },
  {
    "name": "Georgia",
    "capital": "Tbilisi",
    "code": "GE",
    "continent": {
      "name": "Asia"
    },
    "languages": [
      {
        "name": "Georgian",
        "code": "ka"
      }
    ]
  },
  {
    "name": "French Guiana",
    "capital": "Cayenne",
    "code": "GF",
    "continent": {
      "name": "South America"
    },
    "languages": [
      {
        "name": "French",
        "code": "fr"
      }
    ]
  },
  {
    "name": "Guernsey",
    "capital": "St. Peter Port",
    "code": "GG",
    "continent": {
      "name": "Europe"
    },
    "languages": [
      {
        "name": "English",
        "code": "en"
      },
      {
        "name": "French",
        "code": "fr"
      }
    ]
  },
  {
    "name": "Ghana",
    "capital": "Accra",
    "code": "GH",
    "continent": {
      "name": "Africa"
    },
    "languages": [
      {
        "name": "English",
        "code": "en"
      }
    ]
  },
  {
    "name": "Gibraltar",
    "capital": "Gibraltar",
    "code": "GI",
    "continent": {
      "name": "Europe"
    },
    "languages": [
      {
        "name": "English",
        "code": "en"
      }
    ]
  },
  {
    "name": "Greenland",
    "capital": "Nuuk",
    "code": "GL",
    "continent": {
      "name": "North America"
    },
    "languages": [
      {
        "name": "Greenlandic",
        "code": "kl"
      }
    ]
  },
  {
    "name": "Gambia",
    "capital": "Banjul",
    "code": "GM",
    "continent": {
      "name": "Africa"
    },
    "languages": [
      {
        "name": "English",
        "code": "en"
      }
    ]
  },
  {
    "name": "Guinea",
    "capital": "Conakry",
    "code": "GN",
    "continent": {
      "name": "Africa"
    },
    "languages": [
      {
        "name": "French",
        "code": "fr"
      },
      {
        "name": "Peul",
        "code": "ff"
      }
    ]
  },
  {
    "name": "Guadeloupe",
    "capital": "Basse-Terre",
    "code": "GP",
    "continent": {
      "name": "North America"
    },
    "languages": [
      {
        "name": "French",
        "code": "fr"
      }
    ]
  },
  {
    "name": "Equatorial Guinea",
    "capital": "Malabo",
    "code": "GQ",
    "continent": {
      "name": "Africa"
    },
    "languages": [
      {
        "name": "Spanish",
        "code": "es"
      },
      {
        "name": "French",
        "code": "fr"
      }
    ]
  },
  {
    "name": "Greece",
    "capital": "Athens",
    "code": "GR",
    "continent": {
      "name": "Europe"
    },
    "languages": [
      {
        "name": "Greek",
        "code": "el"
      }
    ]
  },
  {
    "name": "South Georgia and the South Sandwich Islands",
    "capital": "King Edward Point",
    "code": "GS",
    "continent": {
      "name": "Antarctica"
    },
    "languages": [
      {
        "name": "English",
        "code": "en"
      }
    ]
  },
  {
    "name": "Guatemala",
    "capital": "Guatemala City",
    "code": "GT",
    "continent": {
      "name": "North America"
    },
    "languages": [
      {
        "name": "Spanish",
        "code": "es"
      }
    ]
  },
  {
    "name": "Guam",
    "capital": "Hagåtña",
    "code": "GU",
    "continent": {
      "name": "Oceania"
    },
    "languages": [
      {
        "name": "English",
        "code": "en"
      },
      {
        "name": "Chamorro",
        "code": "ch"
      },
      {
        "name": "Spanish",
        "code": "es"
      }
    ]
  },
  {
    "name": "Guinea-Bissau",
    "capital": "Bissau",
    "code": "GW",
    "continent": {
      "name": "Africa"
    },
    "languages": [
      {
        "name": "Portuguese",
        "code": "pt"
      }
    ]
  },
  {
    "name": "Guyana",
    "capital": "Georgetown",
    "code": "GY",
    "continent": {
      "name": "South America"
    },
    "languages": [
      {
        "name": "English",
        "code": "en"
      }
    ]
  },
  {
    "name": "Hong Kong",
    "capital": "City of Victoria",
    "code": "HK",
    "continent": {
      "name": "Asia"
    },
    "languages": [
      {
        "name": "Chinese",
        "code": "zh"
      },
      {
        "name": "English",
        "code": "en"
      }
    ]
  },
  {
    "name": "Heard Island and McDonald Islands",
    "capital": null,
    "code": "HM",
    "continent": {
      "name": "Antarctica"
    },
    "languages": [
      {
        "name": "English",
        "code": "en"
      }
    ]
  },
  {
    "name": "Honduras",
    "capital": "Tegucigalpa",
    "code": "HN",
    "continent": {
      "name": "North America"
    },
    "languages": [
      {
        "name": "Spanish",
        "code": "es"
      }
    ]
  },
  {
    "name": "Croatia",
    "capital": "Zagreb",
    "code": "HR",
    "continent": {
      "name": "Europe"
    },
    "languages": [
      {
        "name": "Croatian",
        "code": "hr"
      }
    ]
  },
  {
    "name": "Haiti",
    "capital": "Port-au-Prince",
    "code": "HT",
    "continent": {
      "name": "North America"
    },
    "languages": [
      {
        "name": "French",
        "code": "fr"
      },
      {
        "name": "Haitian",
        "code": "ht"
      }
    ]
  },
  {
    "name": "Hungary",
    "capital": "Budapest",
    "code": "HU",
    "continent": {
      "name": "Europe"
    },
    "languages": [
      {
        "name": "Hungarian",
        "code": "hu"
      }
    ]
  },
  {
    "name": "Indonesia",
    "capital": "Jakarta",
    "code": "ID",
    "continent": {
      "name": "Asia"
    },
    "languages": [
      {
        "name": "Indonesian",
        "code": "id"
      }
    ]
  },
  {
    "name": "Ireland",
    "capital": "Dublin",
    "code": "IE",
    "continent": {
      "name": "Europe"
    },
    "languages": [
      {
        "name": "Irish",
        "code": "ga"
      },
      {
        "name": "English",
        "code": "en"
      }
    ]
  },
  {
    "name": "Israel",
    "capital": "Jerusalem",
    "code": "IL",
    "continent": {
      "name": "Asia"
    },
    "languages": [
      {
        "name": "Hebrew",
        "code": "he"
      },
      {
        "name": "Arabic",
        "code": "ar"
      }
    ]
  },
  {
    "name": "Isle of Man",
    "capital": "Douglas",
    "code": "IM",
    "continent": {
      "name": "Europe"
    },
    "languages": [
      {
        "name": "English",
        "code": "en"
      },
      {
        "name": "Manx",
        "code": "gv"
      }
    ]
  },
  {
    "name": "India",
    "capital": "New Delhi",
    "code": "IN",
    "continent": {
      "name": "Asia"
    },
    "languages": [
      {
        "name": "Hindi",
        "code": "hi"
      },
      {
        "name": "English",
        "code": "en"
      }
    ]
  },
  {
    "name": "British Indian Ocean Territory",
    "capital": "Diego Garcia",
    "code": "IO",
    "continent": {
      "name": "Asia"
    },
    "languages": [
      {
        "name": "English",
        "code": "en"
      }
    ]
  },
  {
    "name": "Iraq",
    "capital": "Baghdad",
    "code": "IQ",
    "continent": {
      "name": "Asia"
    },
    "languages": [
      {
        "name": "Arabic",
        "code": "ar"
      },
      {
        "name": "Kurdish",
        "code": "ku"
      }
    ]
  },
  {
    "name": "Iran",
    "capital": "Tehran",
    "code": "IR",
    "continent": {
      "name": "Asia"
    },
    "languages": [
      {
        "name": "Persian",
        "code": "fa"
      }
    ]
  },
  {
    "name": "Iceland",
    "capital": "Reykjavik",
    "code": "IS",
    "continent": {
      "name": "Europe"
    },
    "languages": [
      {
        "name": "Icelandic",
        "code": "is"
      }
    ]
  },
  {
    "name": "Italy",
    "capital": "Rome",
    "code": "IT",
    "continent": {
      "name": "Europe"
    },
    "languages": [
      {
        "name": "Italian",
        "code": "it"
      }
    ]
  },
  {
    "name": "Jersey",
    "capital": "Saint Helier",
    "code": "JE",
    "continent": {
      "name": "Europe"
    },
    "languages": [
      {
        "name": "English",
        "code": "en"
      },
      {
        "name": "French",
        "code": "fr"
      }
    ]
  },
  {
    "name": "Jamaica",
    "capital": "Kingston",
    "code": "JM",
    "continent": {
      "name": "North America"
    },
    "languages": [
      {
        "name": "English",
        "code": "en"
      }
    ]
  },
  {
    "name": "Jordan",
    "capital": "Amman",
    "code": "JO",
    "continent": {
      "name": "Asia"
    },
    "languages": [
      {
        "name": "Arabic",
        "code": "ar"
      }
    ]
  },
  {
    "name": "Japan",
    "capital": "Tokyo",
    "code": "JP",
    "continent": {
      "name": "Asia"
    },
    "languages": [
      {
        "name": "Japanese",
        "code": "ja"
      }
    ]
  },
  {
    "name": "Kenya",
    "capital": "Nairobi",
    "code": "KE",
    "continent": {
      "name": "Africa"
    },
    "languages": [
      {
        "name": "English",
        "code": "en"
      },
      {
        "name": "Swahili",
        "code": "sw"
      }
    ]
  },
  {
    "name": "Kyrgyzstan",
    "capital": "Bishkek",
    "code": "KG",
    "continent": {
      "name": "Asia"
    },
    "languages": [
      {
        "name": "Kirghiz",
        "code": "ky"
      },
      {
        "name": "Russian",
        "code": "ru"
      }
    ]
  },
  {
    "name": "Cambodia",
    "capital": "Phnom Penh",
    "code": "KH",
    "continent": {
      "name": "Asia"
    },
    "languages": [
      {
        "name": "Cambodian",
        "code": "km"
      }
    ]
  },
  {
    "name": "Kiribati",
    "capital": "South Tarawa",
    "code": "KI",
    "continent": {
      "name": "Oceania"
    },
    "languages": [
      {
        "name": "English",
        "code": "en"
      }
    ]
  },
  {
    "name": "Comoros",
    "capital": "Moroni",
    "code": "KM",
    "continent": {
      "name": "Africa"
    },
    "languages": [
      {
        "name": "Arabic",
        "code": "ar"
      },
      {
        "name": "French",
        "code": "fr"
      }
    ]
  },
  {
    "name": "Saint Kitts and Nevis",
    "capital": "Basseterre",
    "code": "KN",
    "continent": {
      "name": "North America"
    },
    "languages": [
      {
        "name": "English",
        "code": "en"
      }
    ]
  },
  {
    "name": "North Korea",
    "capital": "Pyongyang",
    "code": "KP",
    "continent": {
      "name": "Asia"
    },
    "languages": [
      {
        "name": "Korean",
        "code": "ko"
      }
    ]
  },
  {
    "name": "South Korea",
    "capital": "Seoul",
    "code": "KR",
    "continent": {
      "name": "Asia"
    },
    "languages": [
      {
        "name": "Korean",
        "code": "ko"
      }
    ]
  },
  {
    "name": "Kuwait",
    "capital": "Kuwait City",
    "code": "KW",
    "continent": {
      "name": "Asia"
    },
    "languages": [
      {
        "name": "Arabic",
        "code": "ar"
      }
    ]
  },
  {
    "name": "Cayman Islands",
    "capital": "George Town",
    "code": "KY",
    "continent": {
      "name": "North America"
    },
    "languages": [
      {
        "name": "English",
        "code": "en"
      }
    ]
  },
  {
    "name": "Kazakhstan",
    "capital": "Astana",
    "code": "KZ",
    "continent": {
      "name": "Asia"
    },
    "languages": [
      {
        "name": "Kazakh",
        "code": "kk"
      },
      {
        "name": "Russian",
        "code": "ru"
      }
    ]
  },
  {
    "name": "Laos",
    "capital": "Vientiane",
    "code": "LA",
    "continent": {
      "name": "Asia"
    },
    "languages": [
      {
        "name": "Laotian",
        "code": "lo"
      }
    ]
  },
  {
    "name": "Lebanon",
    "capital": "Beirut",
    "code": "LB",
    "continent": {
      "name": "Asia"
    },
    "languages": [
      {
        "name": "Arabic",
        "code": "ar"
      },
      {
        "name": "French",
        "code": "fr"
      }
    ]
  },
  {
    "name": "Saint Lucia",
    "capital": "Castries",
    "code": "LC",
    "continent": {
      "name": "North America"
    },
    "languages": [
      {
        "name": "English",
        "code": "en"
      }
    ]
  },
  {
    "name": "Liechtenstein",
    "capital": "Vaduz",
    "code": "LI",
    "continent": {
      "name": "Europe"
    },
    "languages": [
      {
        "name": "German",
        "code": "de"
      }
    ]
  },
  {
    "name": "Sri Lanka",
    "capital": "Colombo",
    "code": "LK",
    "continent": {
      "name": "Asia"
    },
    "languages": [
      {
        "name": "Sinhalese",
        "code": "si"
      },
      {
        "name": "Tamil",
        "code": "ta"
      }
    ]
  },
  {
    "name": "Liberia",
    "capital": "Monrovia",
    "code": "LR",
    "continent": {
      "name": "Africa"
    },
    "languages": [
      {
        "name": "English",
        "code": "en"
      }
    ]
  },
  {
    "name": "Lesotho",
    "capital": "Maseru",
    "code": "LS",
    "continent": {
      "name": "Africa"
    },
    "languages": [
      {
        "name": "English",
        "code": "en"
      },
      {
        "name": "Southern Sotho",
        "code": "st"
      }
    ]
  },
  {
    "name": "Lithuania",
    "capital": "Vilnius",
    "code": "LT",
    "continent": {
      "name": "Europe"
    },
    "languages": [
      {
        "name": "Lithuanian",
        "code": "lt"
      }
    ]
  },
  {
    "name": "Luxembourg",
    "capital": "Luxembourg",
    "code": "LU",
    "continent": {
      "name": "Europe"
    },
    "languages": [
      {
        "name": "French",
        "code": "fr"
      },
      {
        "name": "German",
        "code": "de"
      },
      {
        "name": "Luxembourgish",
        "code": "lb"
      }
    ]
  },
  {
    "name": "Latvia",
    "capital": "Riga",
    "code": "LV",
    "continent": {
      "name": "Europe"
    },
    "languages": [
      {
        "name": "Latvian",
        "code": "lv"
      }
    ]
  },
  {
    "name": "Libya",
    "capital": "Tripoli",
    "code": "LY",
    "continent": {
      "name": "Africa"
    },
    "languages": [
      {
        "name": "Arabic",
        "code": "ar"
      }
    ]
  },
  {
    "name": "Morocco",
    "capital": "Rabat",
    "code": "MA",
    "continent": {
      "name": "Africa"
    },
    "languages": [
      {
        "name": "Arabic",
        "code": "ar"
      }
    ]
  },
  {
    "name": "Monaco",
    "capital": "Monaco",
    "code": "MC",
    "continent": {
      "name": "Europe"
    },
    "languages": [
      {
        "name": "French",
        "code": "fr"
      }
    ]
  },
  {
    "name": "Moldova",
    "capital": "Chișinău",
    "code": "MD",
    "continent": {
      "name": "Europe"
    },
    "languages": [
      {
        "name": "Romanian",
        "code": "ro"
      }
    ]
  },
  {
    "name": "Montenegro",
    "capital": "Podgorica",
    "code": "ME",
    "continent": {
      "name": "Europe"
    },
    "languages": [
      {
        "name": "Serbian",
        "code": "sr"
      },
      {
        "name": "Bosnian",
        "code": "bs"
      },
      {
        "name": "Albanian",
        "code": "sq"
      },
      {
        "name": "Croatian",
        "code": "hr"
      }
    ]
  },
  {
    "name": "Saint Martin",
    "capital": "Marigot",
    "code": "MF",
    "continent": {
      "name": "North America"
    },
    "languages": [
      {
        "name": "English",
        "code": "en"
      },
      {
        "name": "French",
        "code": "fr"
      },
      {
        "name": "Dutch",
        "code": "nl"
      }
    ]
  },
  {
    "name": "Madagascar",
    "capital": "Antananarivo",
    "code": "MG",
    "continent": {
      "name": "Africa"
    },
    "languages": [
      {
        "name": "French",
        "code": "fr"
      },
      {
        "name": "Malagasy",
        "code": "mg"
      }
    ]
  },
  {
    "name": "Marshall Islands",
    "capital": "Majuro",
    "code": "MH",
    "continent": {
      "name": "Oceania"
    },
    "languages": [
      {
        "name": "English",
        "code": "en"
      },
      {
        "name": "Marshallese",
        "code": "mh"
      }
    ]
  },
  {
    "name": "North Macedonia",
    "capital": "Skopje",
    "code": "MK",
    "continent": {
      "name": "Europe"
    },
    "languages": [
      {
        "name": "Macedonian",
        "code": "mk"
      }
    ]
  },
  {
    "name": "Mali",
    "capital": "Bamako",
    "code": "ML",
    "continent": {
      "name": "Africa"
    },
    "languages": [
      {
        "name": "French",
        "code": "fr"
      }
    ]
  },
  {
    "name": "Myanmar [Burma]",
    "capital": "Naypyidaw",
    "code": "MM",
    "continent": {
      "name": "Asia"
    },
    "languages": [
      {
        "name": "Burmese",
        "code": "my"
      }
    ]
  },
  {
    "name": "Mongolia",
    "capital": "Ulan Bator",
    "code": "MN",
    "continent": {
      "name": "Asia"
    },
    "languages": [
      {
        "name": "Mongolian",
        "code": "mn"
      }
    ]
  },
  {
    "name": "Macao",
    "capital": null,
    "code": "MO",
    "continent": {
      "name": "Asia"
    },
    "languages": [
      {
        "name": "Chinese",
        "code": "zh"
      },
      {
        "name": "Portuguese",
        "code": "pt"
      }
    ]
  },
  {
    "name": "Northern Mariana Islands",
    "capital": "Saipan",
    "code": "MP",
    "continent": {
      "name": "Oceania"
    },
    "languages": [
      {
        "name": "English",
        "code": "en"
      },
      {
        "name": "Chamorro",
        "code": "ch"
      }
    ]
  },
  {
    "name": "Martinique",
    "capital": "Fort-de-France",
    "code": "MQ",
    "continent": {
      "name": "North America"
    },
    "languages": [
      {
        "name": "French",
        "code": "fr"
      }
    ]
  },
  {
    "name": "Mauritania",
    "capital": "Nouakchott",
    "code": "MR",
    "continent": {
      "name": "Africa"
    },
    "languages": [
      {
        "name": "Arabic",
        "code": "ar"
      }
    ]
  },
  {
    "name": "Montserrat",
    "capital": "Plymouth",
    "code": "MS",
    "continent": {
      "name": "North America"
    },
    "languages": [
      {
        "name": "English",
        "code": "en"
      }
    ]
  },
  {
    "name": "Malta",
    "capital": "Valletta",
    "code": "MT",
    "continent": {
      "name": "Europe"
    },
    "languages": [
      {
        "name": "Maltese",
        "code": "mt"
      },
      {
        "name": "English",
        "code": "en"
      }
    ]
  },
  {
    "name": "Mauritius",
    "capital": "Port Louis",
    "code": "MU",
    "continent": {
      "name": "Africa"
    },
    "languages": [
      {
        "name": "English",
        "code": "en"
      }
    ]
  },
  {
    "name": "Maldives",
    "capital": "Malé",
    "code": "MV",
    "continent": {
      "name": "Asia"
    },
    "languages": [
      {
        "name": "Divehi",
        "code": "dv"
      }
    ]
  },
  {
    "name": "Malawi",
    "capital": "Lilongwe",
    "code": "MW",
    "continent": {
      "name": "Africa"
    },
    "languages": [
      {
        "name": "English",
        "code": "en"
      },
      {
        "name": "Chichewa",
        "code": "ny"
      }
    ]
  },
  {
    "name": "Mexico",
    "capital": "Mexico City",
    "code": "MX",
    "continent": {
      "name": "North America"
    },
    "languages": [
      {
        "name": "Spanish",
        "code": "es"
      }
    ]
  },
  {
    "name": "Malaysia",
    "capital": "Kuala Lumpur",
    "code": "MY",
    "continent": {
      "name": "Asia"
    },
    "languages": [
      {
        "name": "Malay",
        "code": "ms"
      }
    ]
  },
  {
    "name": "Mozambique",
    "capital": "Maputo",
    "code": "MZ",
    "continent": {
      "name": "Africa"
    },
    "languages": [
      {
        "name": "Portuguese",
        "code": "pt"
      }
    ]
  },
  {
    "name": "Namibia",
    "capital": "Windhoek",
    "code": "NA",
    "continent": {
      "name": "Africa"
    },
    "languages": [
      {
        "name": "English",
        "code": "en"
      },
      {
        "name": "Afrikaans",
        "code": "af"
      }
    ]
  },
  {
    "name": "New Caledonia",
    "capital": "Nouméa",
    "code": "NC",
    "continent": {
      "name": "Oceania"
    },
    "languages": [
      {
        "name": "French",
        "code": "fr"
      }
    ]
  },
  {
    "name": "Niger",
    "capital": "Niamey",
    "code": "NE",
    "continent": {
      "name": "Africa"
    },
    "languages": [
      {
        "name": "French",
        "code": "fr"
      }
    ]
  },
  {
    "name": "Norfolk Island",
    "capital": "Kingston",
    "code": "NF",
    "continent": {
      "name": "Oceania"
    },
    "languages": [
      {
        "name": "English",
        "code": "en"
      }
    ]
  },
  {
    "name": "Nigeria",
    "capital": "Abuja",
    "code": "NG",
    "continent": {
      "name": "Africa"
    },
    "languages": [
      {
        "name": "English",
        "code": "en"
      }
    ]
  },
  {
    "name": "Nicaragua",
    "capital": "Managua",
    "code": "NI",
    "continent": {
      "name": "North America"
    },
    "languages": [
      {
        "name": "Spanish",
        "code": "es"
      }
    ]
  },
  {
    "name": "Netherlands",
    "capital": "Amsterdam",
    "code": "NL",
    "continent": {
      "name": "Europe"
    },
    "languages": [
      {
        "name": "Dutch",
        "code": "nl"
      }
    ]
  },
  {
    "name": "Norway",
    "capital": "Oslo",
    "code": "NO",
    "continent": {
      "name": "Europe"
    },
    "languages": [
      {
        "name": "Norwegian",
        "code": "no"
      },
      {
        "name": "Norwegian Bokmål",
        "code": "nb"
      },
      {
        "name": "Norwegian Nynorsk",
        "code": "nn"
      }
    ]
  },
  {
    "name": "Nepal",
    "capital": "Kathmandu",
    "code": "NP",
    "continent": {
      "name": "Asia"
    },
    "languages": [
      {
        "name": "Nepali",
        "code": "ne"
      }
    ]
  },
  {
    "name": "Nauru",
    "capital": "Yaren",
    "code": "NR",
    "continent": {
      "name": "Oceania"
    },
    "languages": [
      {
        "name": "English",
        "code": "en"
      },
      {
        "name": "Nauruan",
        "code": "na"
      }
    ]
  },
  {
    "name": "Niue",
    "capital": "Alofi",
    "code": "NU",
    "continent": {
      "name": "Oceania"
    },
    "languages": [
      {
        "name": "English",
        "code": "en"
      }
    ]
  },
  {
    "name": "New Zealand",
    "capital": "Wellington",
    "code": "NZ",
    "continent": {
      "name": "Oceania"
    },
    "languages": [
      {
        "name": "English",
        "code": "en"
      },
      {
        "name": "Maori",
        "code": "mi"
      }
    ]
  },
  {
    "name": "Oman",
    "capital": "Muscat",
    "code": "OM",
    "continent": {
      "name": "Asia"
    },
    "languages": [
      {
        "name": "Arabic",
        "code": "ar"
      }
    ]
  },
  {
    "name": "Panama",
    "capital": "Panama City",
    "code": "PA",
    "continent": {
      "name": "North America"
    },
    "languages": [
      {
        "name": "Spanish",
        "code": "es"
      }
    ]
  },
  {
    "name": "Peru",
    "capital": "Lima",
    "code": "PE",
    "continent": {
      "name": "South America"
    },
    "languages": [
      {
        "name": "Spanish",
        "code": "es"
      }
    ]
  },
  {
    "name": "French Polynesia",
    "capital": "Papeetē",
    "code": "PF",
    "continent": {
      "name": "Oceania"
    },
    "languages": [
      {
        "name": "French",
        "code": "fr"
      }
    ]
  },
  {
    "name": "Papua New Guinea",
    "capital": "Port Moresby",
    "code": "PG",
    "continent": {
      "name": "Oceania"
    },
    "languages": [
      {
        "name": "English",
        "code": "en"
      }
    ]
  },
  {
    "name": "Philippines",
    "capital": "Manila",
    "code": "PH",
    "continent": {
      "name": "Asia"
    },
    "languages": [
      {
        "name": "English",
        "code": "en"
      }
    ]
  },
  {
    "name": "Pakistan",
    "capital": "Islamabad",
    "code": "PK",
    "continent": {
      "name": "Asia"
    },
    "languages": [
      {
        "name": "English",
        "code": "en"
      },
      {
        "name": "Urdu",
        "code": "ur"
      }
    ]
  },
  {
    "name": "Poland",
    "capital": "Warsaw",
    "code": "PL",
    "continent": {
      "name": "Europe"
    },
    "languages": [
      {
        "name": "Polish",
        "code": "pl"
      }
    ]
  },
  {
    "name": "Saint Pierre and Miquelon",
    "capital": "Saint-Pierre",
    "code": "PM",
    "continent": {
      "name": "North America"
    },
    "languages": [
      {
        "name": "French",
        "code": "fr"
      }
    ]
  },
  {
    "name": "Pitcairn Islands",
    "capital": "Adamstown",
    "code": "PN",
    "continent": {
      "name": "Oceania"
    },
    "languages": [
      {
        "name": "English",
        "code": "en"
      }
    ]
  },
  {
    "name": "Puerto Rico",
    "capital": "San Juan",
    "code": "PR",
    "continent": {
      "name": "North America"
    },
    "languages": [
      {
        "name": "Spanish",
        "code": "es"
      },
      {
        "name": "English",
        "code": "en"
      }
    ]
  },
  {
    "name": "Palestine",
    "capital": "Ramallah",
    "code": "PS",
    "continent": {
      "name": "Asia"
    },
    "languages": [
      {
        "name": "Arabic",
        "code": "ar"
      }
    ]
  },
  {
    "name": "Portugal",
    "capital": "Lisbon",
    "code": "PT",
    "continent": {
      "name": "Europe"
    },
    "languages": [
      {
        "name": "Portuguese",
        "code": "pt"
      }
    ]
  },
  {
    "name": "Palau",
    "capital": "Ngerulmud",
    "code": "PW",
    "continent": {
      "name": "Oceania"
    },
    "languages": [
      {
        "name": "English",
        "code": "en"
      }
    ]
  },
  {
    "name": "Paraguay",
    "capital": "Asunción",
    "code": "PY",
    "continent": {
      "name": "South America"
    },
    "languages": [
      {
        "name": "Spanish",
        "code": "es"
      },
      {
        "name": "Guarani",
        "code": "gn"
      }
    ]
  },
  {
    "name": "Qatar",
    "capital": "Doha",
    "code": "QA",
    "continent": {
      "name": "Asia"
    },
    "languages": [
      {
        "name": "Arabic",
        "code": "ar"
      }
    ]
  },
  {
    "name": "Réunion",
    "capital": "Saint-Denis",
    "code": "RE",
    "continent": {
      "name": "Africa"
    },
    "languages": [
      {
        "name": "French",
        "code": "fr"
      }
    ]
  },
  {
    "name": "Romania",
    "capital": "Bucharest",
    "code": "RO",
    "continent": {
      "name": "Europe"
    },
    "languages": [
      {
        "name": "Romanian",
        "code": "ro"
      }
    ]
  },
  {
    "name": "Serbia",
    "capital": "Belgrade",
    "code": "RS",
    "continent": {
      "name": "Europe"
    },
    "languages": [
      {
        "name": "Serbian",
        "code": "sr"
      }
    ]
  },
  {
    "name": "Russia",
    "capital": "Moscow",
    "code": "RU",
    "continent": {
      "name": "Europe"
    },
    "languages": [
      {
        "name": "Russian",
        "code": "ru"
      }
    ]
  },
  {
    "name": "Rwanda",
    "capital": "Kigali",
    "code": "RW",
    "continent": {
      "name": "Africa"
    },
    "languages": [
      {
        "name": "Rwandi",
        "code": "rw"
      },
      {
        "name": "English",
        "code": "en"
      },
      {
        "name": "French",
        "code": "fr"
      }
    ]
  },
  {
    "name": "Saudi Arabia",
    "capital": "Riyadh",
    "code": "SA",
    "continent": {
      "name": "Asia"
    },
    "languages": [
      {
        "name": "Arabic",
        "code": "ar"
      }
    ]
  },
  {
    "name": "Solomon Islands",
    "capital": "Honiara",
    "code": "SB",
    "continent": {
      "name": "Oceania"
    },
    "languages": [
      {
        "name": "English",
        "code": "en"
      }
    ]
  },
  {
    "name": "Seychelles",
    "capital": "Victoria",
    "code": "SC",
    "continent": {
      "name": "Africa"
    },
    "languages": [
      {
        "name": "French",
        "code": "fr"
      },
      {
        "name": "English",
        "code": "en"
      }
    ]
  },
  {
    "name": "Sudan",
    "capital": "Khartoum",
    "code": "SD",
    "continent": {
      "name": "Africa"
    },
    "languages": [
      {
        "name": "Arabic",
        "code": "ar"
      },
      {
        "name": "English",
        "code": "en"
      }
    ]
  },
  {
    "name": "Sweden",
    "capital": "Stockholm",
    "code": "SE",
    "continent": {
      "name": "Europe"
    },
    "languages": [
      {
        "name": "Swedish",
        "code": "sv"
      }
    ]
  },
  {
    "name": "Singapore",
    "capital": "Singapore",
    "code": "SG",
    "continent": {
      "name": "Asia"
    },
    "languages": [
      {
        "name": "English",
        "code": "en"
      },
      {
        "name": "Malay",
        "code": "ms"
      },
      {
        "name": "Tamil",
        "code": "ta"
      },
      {
        "name": "Chinese",
        "code": "zh"
      }
    ]
  },
  {
    "name": "Saint Helena",
    "capital": "Jamestown",
    "code": "SH",
    "continent": {
      "name": "Africa"
    },
    "languages": [
      {
        "name": "English",
        "code": "en"
      }
    ]
  },
  {
    "name": "Slovenia",
    "capital": "Ljubljana",
    "code": "SI",
    "continent": {
      "name": "Europe"
    },
    "languages": [
      {
        "name": "Slovenian",
        "code": "sl"
      }
    ]
  },
  {
    "name": "Svalbard and Jan Mayen",
    "capital": "Longyearbyen",
    "code": "SJ",
    "continent": {
      "name": "Europe"
    },
    "languages": [
      {
        "name": "Norwegian",
        "code": "no"
      }
    ]
  },
  {
    "name": "Slovakia",
    "capital": "Bratislava",
    "code": "SK",
    "continent": {
      "name": "Europe"
    },
    "languages": [
      {
        "name": "Slovak",
        "code": "sk"
      }
    ]
  },
  {
    "name": "Sierra Leone",
    "capital": "Freetown",
    "code": "SL",
    "continent": {
      "name": "Africa"
    },
    "languages": [
      {
        "name": "English",
        "code": "en"
      }
    ]
  },
  {
    "name": "San Marino",
    "capital": "City of San Marino",
    "code": "SM",
    "continent": {
      "name": "Europe"
    },
    "languages": [
      {
        "name": "Italian",
        "code": "it"
      }
    ]
  },
  {
    "name": "Senegal",
    "capital": "Dakar",
    "code": "SN",
    "continent": {
      "name": "Africa"
    },
    "languages": [
      {
        "name": "French",
        "code": "fr"
      }
    ]
  },
  {
    "name": "Somalia",
    "capital": "Mogadishu",
    "code": "SO",
    "continent": {
      "name": "Africa"
    },
    "languages": [
      {
        "name": "Somalia",
        "code": "so"
      },
      {
        "name": "Arabic",
        "code": "ar"
      }
    ]
  },
  {
    "name": "Suriname",
    "capital": "Paramaribo",
    "code": "SR",
    "continent": {
      "name": "South America"
    },
    "languages": [
      {
        "name": "Dutch",
        "code": "nl"
      }
    ]
  },
  {
    "name": "South Sudan",
    "capital": "Juba",
    "code": "SS",
    "continent": {
      "name": "Africa"
    },
    "languages": [
      {
        "name": "English",
        "code": "en"
      }
    ]
  },
  {
    "name": "São Tomé and Príncipe",
    "capital": "São Tomé",
    "code": "ST",
    "continent": {
      "name": "Africa"
    },
    "languages": [
      {
        "name": "Portuguese",
        "code": "pt"
      }
    ]
  },
  {
    "name": "El Salvador",
    "capital": "San Salvador",
    "code": "SV",
    "continent": {
      "name": "North America"
    },
    "languages": [
      {
        "name": "Spanish",
        "code": "es"
      }
    ]
  },
  {
    "name": "Sint Maarten",
    "capital": "Philipsburg",
    "code": "SX",
    "continent": {
      "name": "North America"
    },
    "languages": [
      {
        "name": "Dutch",
        "code": "nl"
      },
      {
        "name": "English",
        "code": "en"
      }
    ]
  },
  {
    "name": "Syria",
    "capital": "Damascus",
    "code": "SY",
    "continent": {
      "name": "Asia"
    },
    "languages": [
      {
        "name": "Arabic",
        "code": "ar"
      }
    ]
  },
  {
    "name": "Swaziland",
    "capital": "Lobamba",
    "code": "SZ",
    "continent": {
      "name": "Africa"
    },
    "languages": [
      {
        "name": "English",
        "code": "en"
      },
      {
        "name": "Swati",
        "code": "ss"
      }
    ]
  },
  {
    "name": "Turks and Caicos Islands",
    "capital": "Cockburn Town",
    "code": "TC",
    "continent": {
      "name": "North America"
    },
    "languages": [
      {
        "name": "English",
        "code": "en"
      }
    ]
  },
  {
    "name": "Chad",
    "capital": "N'Djamena",
    "code": "TD",
    "continent": {
      "name": "Africa"
    },
    "languages": [
      {
        "name": "French",
        "code": "fr"
      },
      {
        "name": "Arabic",
        "code": "ar"
      }
    ]
  },
  {
    "name": "French Southern Territories",
    "capital": "Port-aux-Français",
    "code": "TF",
    "continent": {
      "name": "Antarctica"
    },
    "languages": [
      {
        "name": "French",
        "code": "fr"
      }
    ]
  },
  {
    "name": "Togo",
    "capital": "Lomé",
    "code": "TG",
    "continent": {
      "name": "Africa"
    },
    "languages": [
      {
        "name": "French",
        "code": "fr"
      }
    ]
  },
  {
    "name": "Thailand",
    "capital": "Bangkok",
    "code": "TH",
    "continent": {
      "name": "Asia"
    },
    "languages": [
      {
        "name": "Thai",
        "code": "th"
      }
    ]
  },
  {
    "name": "Tajikistan",
    "capital": "Dushanbe",
    "code": "TJ",
    "continent": {
      "name": "Asia"
    },
    "languages": [
      {
        "name": "Tajik",
        "code": "tg"
      },
      {
        "name": "Russian",
        "code": "ru"
      }
    ]
  },
  {
    "name": "Tokelau",
    "capital": "Fakaofo",
    "code": "TK",
    "continent": {
      "name": "Oceania"
    },
    "languages": [
      {
        "name": "English",
        "code": "en"
      }
    ]
  },
  {
    "name": "East Timor",
    "capital": "Dili",
    "code": "TL",
    "continent": {
      "name": "Oceania"
    },
    "languages": [
      {
        "name": "Portuguese",
        "code": "pt"
      }
    ]
  },
  {
    "name": "Turkmenistan",
    "capital": "Ashgabat",
    "code": "TM",
    "continent": {
      "name": "Asia"
    },
    "languages": [
      {
        "name": "Turkmen",
        "code": "tk"
      },
      {
        "name": "Russian",
        "code": "ru"
      }
    ]
  },
  {
    "name": "Tunisia",
    "capital": "Tunis",
    "code": "TN",
    "continent": {
      "name": "Africa"
    },
    "languages": [
      {
        "name": "Arabic",
        "code": "ar"
      }
    ]
  },
  {
    "name": "Tonga",
    "capital": "Nuku'alofa",
    "code": "TO",
    "continent": {
      "name": "Oceania"
    },
    "languages": [
      {
        "name": "English",
        "code": "en"
      },
      {
        "name": "Tonga",
        "code": "to"
      }
    ]
  },
  {
    "name": "Turkey",
    "capital": "Ankara",
    "code": "TR",
    "continent": {
      "name": "Asia"
    },
    "languages": [
      {
        "name": "Turkish",
        "code": "tr"
      }
    ]
  },
  {
    "name": "Trinidad and Tobago",
    "capital": "Port of Spain",
    "code": "TT",
    "continent": {
      "name": "North America"
    },
    "languages": [
      {
        "name": "English",
        "code": "en"
      }
    ]
  },
  {
    "name": "Tuvalu",
    "capital": "Funafuti",
    "code": "TV",
    "continent": {
      "name": "Oceania"
    },
    "languages": [
      {
        "name": "English",
        "code": "en"
      }
    ]
  },
  {
    "name": "Taiwan",
    "capital": "Taipei",
    "code": "TW",
    "continent": {
      "name": "Asia"
    },
    "languages": [
      {
        "name": "Chinese",
        "code": "zh"
      }
    ]
  },
  {
    "name": "Tanzania",
    "capital": "Dodoma",
    "code": "TZ",
    "continent": {
      "name": "Africa"
    },
    "languages": [
      {
        "name": "Swahili",
        "code": "sw"
      },
      {
        "name": "English",
        "code": "en"
      }
    ]
  },
  {
    "name": "Ukraine",
    "capital": "Kyiv",
    "code": "UA",
    "continent": {
      "name": "Europe"
    },
    "languages": [
      {
        "name": "Ukrainian",
        "code": "uk"
      }
    ]
  },
  {
    "name": "Uganda",
    "capital": "Kampala",
    "code": "UG",
    "continent": {
      "name": "Africa"
    },
    "languages": [
      {
        "name": "English",
        "code": "en"
      },
      {
        "name": "Swahili",
        "code": "sw"
      }
    ]
  },
  {
    "name": "U.S. Minor Outlying Islands",
    "capital": null,
    "code": "UM",
    "continent": {
      "name": "Oceania"
    },
    "languages": [
      {
        "name": "English",
        "code": "en"
      }
    ]
  },
  {
    "name": "United States",
    "capital": "Washington D.C.",
    "code": "US",
    "continent": {
      "name": "North America"
    },
    "languages": [
      {
        "name": "English",
        "code": "en"
      }
    ]
  },
  {
    "name": "Uruguay",
    "capital": "Montevideo",
    "code": "UY",
    "continent": {
      "name": "South America"
    },
    "languages": [
      {
        "name": "Spanish",
        "code": "es"
      }
    ]
  },
  {
    "name": "Uzbekistan",
    "capital": "Tashkent",
    "code": "UZ",
    "continent": {
      "name": "Asia"
    },
    "languages": [
      {
        "name": "Uzbek",
        "code": "uz"
      },
      {
        "name": "Russian",
        "code": "ru"
      }
    ]
  },
  {
    "name": "Vatican City",
    "capital": "Vatican City",
    "code": "VA",
    "continent": {
      "name": "Europe"
    },
    "languages": [
      {
        "name": "Italian",
        "code": "it"
      },
      {
        "name": "Latin",
        "code": "la"
      }
    ]
  },
  {
    "name": "Saint Vincent and the Grenadines",
    "capital": "Kingstown",
    "code": "VC",
    "continent": {
      "name": "North America"
    },
    "languages": [
      {
        "name": "English",
        "code": "en"
      }
    ]
  },
  {
    "name": "Venezuela",
    "capital": "Caracas",
    "code": "VE",
    "continent": {
      "name": "South America"
    },
    "languages": [
      {
        "name": "Spanish",
        "code": "es"
      }
    ]
  },
  {
    "name": "British Virgin Islands",
    "capital": "Road Town",
    "code": "VG",
    "continent": {
      "name": "North America"
    },
    "languages": [
      {
        "name": "English",
        "code": "en"
      }
    ]
  },
  {
    "name": "U.S. Virgin Islands",
    "capital": "Charlotte Amalie",
    "code": "VI",
    "continent": {
      "name": "North America"
    },
    "languages": [
      {
        "name": "English",
        "code": "en"
      }
    ]
  },
  {
    "name": "Vietnam",
    "capital": "Hanoi",
    "code": "VN",
    "continent": {
      "name": "Asia"
    },
    "languages": [
      {
        "name": "Vietnamese",
        "code": "vi"
      }
    ]
  },
  {
    "name": "Vanuatu",
    "capital": "Port Vila",
    "code": "VU",
    "continent": {
      "name": "Oceania"
    },
    "languages": [
      {
        "name": "Bislama",
        "code": "bi"
      },
      {
        "name": "English",
        "code": "en"
      },
      {
        "name": "French",
        "code": "fr"
      }
    ]
  },
  {
    "name": "Wallis and Futuna",
    "capital": "Mata-Utu",
    "code": "WF",
    "continent": {
      "name": "Oceania"
    },
    "languages": [
      {
        "name": "French",
        "code": "fr"
      }
    ]
  },
  {
    "name": "Samoa",
    "capital": "Apia",
    "code": "WS",
    "continent": {
      "name": "Oceania"
    },
    "languages": [
      {
        "name": "Samoan",
        "code": "sm"
      },
      {
        "name": "English",
        "code": "en"
      }
    ]
  },
  {
    "name": "Kosovo",
    "capital": "Pristina",
    "code": "XK",
    "continent": {
      "name": "Europe"
    },
    "languages": [
      {
        "name": "Albanian",
        "code": "sq"
      },
      {
        "name": "Serbian",
        "code": "sr"
      }
    ]
  },
  {
    "name": "Yemen",
    "capital": "Sana'a",
    "code": "YE",
    "continent": {
      "name": "Asia"
    },
    "languages": [
      {
        "name": "Arabic",
        "code": "ar"
      }
    ]
  },
  {
    "name": "Mayotte",
    "capital": "Mamoudzou",
    "code": "YT",
    "continent": {
      "name": "Africa"
    },
    "languages": [
      {
        "name": "French",
        "code": "fr"
      }
    ]
  },
  {
    "name": "South Africa",
    "capital": "Pretoria",
    "code": "ZA",
    "continent": {
      "name": "Africa"
    },
    "languages": [
      {
        "name": "Afrikaans",
        "code": "af"
      },
      {
        "name": "English",
        "code": "en"
      },
      {
        "name": "South Ndebele",
        "code": "nr"
      },
      {
        "name": "Southern Sotho",
        "code": "st"
      },
      {
        "name": "Swati",
        "code": "ss"
      },
      {
        "name": "Tswana",
        "code": "tn"
      },
      {
        "name": "Tsonga",
        "code": "ts"
      },
      {
        "name": "Venda",
        "code": "ve"
      },
      {
        "name": "Xhosa",
        "code": "xh"
      },
      {
        "name": "Zulu",
        "code": "zu"
      }
    ]
  },
  {
    "name": "Zambia",
    "capital": "Lusaka",
    "code": "ZM",
    "continent": {
      "name": "Africa"
    },
    "languages": [
      {
        "name": "English",
        "code": "en"
      }
    ]
  },
  {
    "name": "Zimbabwe",
    "capital": "Harare",
    "code": "ZW",
    "continent": {
      "name": "Africa"
    },
    "languages": [
      {
        "name": "English",
        "code": "en"
      },
      {
        "name": "Shona",
        "code": "sn"
      },
      {
        "name": "North Ndebele",
        "code": "nd"
      }
    ]
  }
]
